layer,object,kind,defined_in,db_rows,columns,column_names,column_types,published,parquet_rows,parquet_bytes,postgres_rows,empty,sample_row,verdict
1 raw,raw_landed,view,00_raw.sql,1546,20,session_id session_date cid kind wall href ua dpr srv perf raf vis pulse events msg stack class blockers trace dropped,"VARCHAR DATE VARCHAR VARCHAR BIGINT VARCHAR VARCHAR BIGINT BIGINT BIGINT BIGINT VARCHAR STRUCT(state VARCHAR, ""mode"" VARCHAR, ""map"" VARCHAR, ""char"" VARCHAR, t DOUBLE, lastTs BIGINT, live BOOLEAN, held BIGINT, hp BIGINT, kills BIGINT, crows BIGINT, skels BIGINT, soldiers BIGINT, arrows BIGINT, boss VARCHAR) STRUCT(id BIGINT, ""level"" VARCHAR, ""timestamp"" BIGINT, ""source"" VARCHAR, message VARCHAR, ""data"" MAP(VARCHAR, JSON), code VARCHAR)[] VARCHAR VARCHAR VARCHAR STRUCT(frozen BIGINT, charging BOOLEAN, dashing BIGINT, buried BOOLEAN, snipeKeyHeld BOOLEAN, snipeKeyName VARCHAR, heldKeys JSON[], x DOUBLE, y DOUBLE, state VARCHAR, ""char"" VARCHAR, ""map"" VARCHAR) STRUCT(""level"" VARCHAR, frames BIGINT, spans STRUCT(sim STRUCT(ms DOUBLE, msMax DOUBLE, fillRect BIGINT, drawImage BIGINT, fill BIGINT, stroke BIGINT, px BIGINT), tiles STRUCT(ms DOUBLE, msMax DOUBLE, fillRect BIGINT, drawImage BIGINT, fill BIGINT, stroke BIGINT, px BIGINT), fog STRUCT(ms DOUBLE, msMax DOUBLE, fillRect BIGINT, drawImage BIGINT, fill BIGINT, stroke BIGINT, px BIGINT), bodies STRUCT(ms DOUBLE, msMax DOUBLE, fillRect BIGINT, drawImage BIGINT, fill BIGINT, stroke BIGINT, px BIGINT), vignette STRUCT(ms DOUBLE, msMax DOUBLE, fillRect BIGINT, drawImage BIGINT, fill BIGINT, stroke BIGINT, px BIGINT), hud STRUCT(ms DOUBLE, msMax DOUBLE, fillRect BIGINT, drawImage BIGINT, fill BIGINT, stroke BIGINT, px BIGINT))) BIGINT",no,,,,no,"2026-08-30T14-58-28-391Z, 2026-08-30, , hello, 1788101911786, http://localhost/, Chrome, 1, 1788101911788, , , , , , , , , , , ",ok
2 typed,alarms,table,10_typed.sql,4,9,session_id page_load_seq client_id srv wall perf class trace_level trace_frames,VARCHAR INTEGER VARCHAR BIGINT BIGINT BIGINT VARCHAR VARCHAR BIGINT,no,,,,no,"2026-08-30T14-58-28-391Z, 1, 2026-08-30T14-58-28-391Z#1, 1788102043293, 1788102043292, 132403, logic-freeze, time, 119",ok
2 typed,beats,table,10_typed.sql,1511,10,session_id session_date page_load_seq client_id srv wall perf raf vis event_count,VARCHAR DATE INTEGER VARCHAR BIGINT BIGINT BIGINT BIGINT VARCHAR BIGINT,no,,,,no,"2026-08-30T14-58-28-391Z, 2026-08-30, 1, 2026-08-30T14-58-28-391Z#1, 1788101912791, 1788101912790, 1901, 5, visible, 2",ok
2 typed,blockers,table,10_typed.sql,4,14,session_id page_load_seq client_id srv class frozen charging dashing buried snipeKeyHeld snipeKeyName held_key_count x y,VARCHAR INTEGER VARCHAR BIGINT VARCHAR BIGINT BOOLEAN BIGINT BOOLEAN BOOLEAN VARCHAR BIGINT DOUBLE DOUBLE,no,,,,no,"2026-08-30T14-58-28-391Z, 1, 2026-08-30T14-58-28-391Z#1, 1788102043293, logic-freeze, 0, false, 0, false, false, Shift, 0, 80.0, 528.0",ok
2 typed,clean,view,10_typed.sql,1545,24,cid kind wall href ua dpr srv perf raf vis pulse events msg stack class blockers trace dropped session_date session_id client_id page_load_seq precedes_first_hello has_native_client_id,"VARCHAR VARCHAR BIGINT VARCHAR VARCHAR BIGINT BIGINT BIGINT BIGINT VARCHAR STRUCT(state VARCHAR, ""mode"" VARCHAR, ""map"" VARCHAR, ""char"" VARCHAR, t DOUBLE, lastTs BIGINT, live BOOLEAN, held BIGINT, hp BIGINT, kills BIGINT, crows BIGINT, skels BIGINT, soldiers BIGINT, arrows BIGINT, boss VARCHAR) STRUCT(id BIGINT, ""level"" VARCHAR, ""timestamp"" BIGINT, ""source"" VARCHAR, message VARCHAR, ""data"" MAP(VARCHAR, JSON), code VARCHAR)[] VARCHAR VARCHAR VARCHAR STRUCT(frozen BIGINT, charging BOOLEAN, dashing BIGINT, buried BOOLEAN, snipeKeyHeld BOOLEAN, snipeKeyName VARCHAR, heldKeys JSON[], x DOUBLE, y DOUBLE, state VARCHAR, ""char"" VARCHAR, ""map"" VARCHAR) STRUCT(""level"" VARCHAR, frames BIGINT, spans STRUCT(sim STRUCT(ms DOUBLE, msMax DOUBLE, fillRect BIGINT, drawImage BIGINT, fill BIGINT, stroke BIGINT, px BIGINT), tiles STRUCT(ms DOUBLE, msMax DOUBLE, fillRect BIGINT, drawImage BIGINT, fill BIGINT, stroke BIGINT, px BIGINT), fog STRUCT(ms DOUBLE, msMax DOUBLE, fillRect BIGINT, drawImage BIGINT, fill BIGINT, stroke BIGINT, px BIGINT), bodies STRUCT(ms DOUBLE, msMax DOUBLE, fillRect BIGINT, drawImage BIGINT, fill BIGINT, stroke BIGINT, px BIGINT), vignette STRUCT(ms DOUBLE, msMax DOUBLE, fillRect BIGINT, drawImage BIGINT, fill BIGINT, stroke BIGINT, px BIGINT), hud STRUCT(ms DOUBLE, msMax DOUBLE, fillRect BIGINT, drawImage BIGINT, fill BIGINT, stroke BIGINT, px BIGINT))) BIGINT DATE VARCHAR VARCHAR INTEGER BOOLEAN BOOLEAN",no,,,,no,"06c7a45a-a550-468f-836b-729691f60b54, hello, 1789630398484, https://mrbisonte.github.io/crow-archer/?rec=1, Firefox, 1, 1789630399077, , , , , , , , , , , , 2026-09-17, 2026-09-17T07-32-55-912Z, 06c7a45a-a550-468f-836b-729691f60b54, 1, false, true",ok
2 typed,contract_caps,table,10_typed.sql,5,4,name value valid_from valid_to,VARCHAR BIGINT TIMESTAMP WITH TIME ZONE TIMESTAMP WITH TIME ZONE,no,,,,no,"events_per_beat, 400, 2026-08-31 07:47:22+02, ",ok
2 typed,contract_reconciliation,view,10_typed.sql,1,5,landed_records clean_records quarantined_records quarantine_rows_all reconciles,BIGINT BIGINT BIGINT BIGINT BOOLEAN,yes,1,819,,no,"1546, 1545, 1, 1, true",ok
2 typed,errors,table,10_typed.sql,2,9,session_id page_load_seq client_id srv wall msg stack top_frame top_location,VARCHAR INTEGER VARCHAR BIGINT BIGINT VARCHAR VARCHAR VARCHAR VARCHAR,no,,,,no,"2026-08-30T14-58-28-391Z, 1, 2026-08-30T14-58-28-391Z#1, 1788101938203, 1788101938201, Uncaught Error: flight-recorder self-test, Error: flight-recorder self-test
    at <anonymous>:1:27, , ",ok
2 typed,events,table,10_typed.sql,3152,11,session_id page_load_seq client_id drained_srv drained_by id level timestamp source message code,VARCHAR INTEGER VARCHAR BIGINT VARCHAR BIGINT VARCHAR BIGINT VARCHAR VARCHAR VARCHAR,no,,,,no,"2026-08-30T14-58-28-391Z, 1, 2026-08-30T14-58-28-391Z#1, 1788101912791, beat, 1, info, 1788101912236, recorder, tab visible, ",ok
2 typed,landed,view,10_typed.sql,1546,24,cid kind wall href ua dpr srv perf raf vis pulse events msg stack class blockers trace dropped session_date session_id client_id page_load_seq precedes_first_hello has_native_client_id,"VARCHAR VARCHAR BIGINT VARCHAR VARCHAR BIGINT BIGINT BIGINT BIGINT VARCHAR STRUCT(state VARCHAR, ""mode"" VARCHAR, ""map"" VARCHAR, ""char"" VARCHAR, t DOUBLE, lastTs BIGINT, live BOOLEAN, held BIGINT, hp BIGINT, kills BIGINT, crows BIGINT, skels BIGINT, soldiers BIGINT, arrows BIGINT, boss VARCHAR) STRUCT(id BIGINT, ""level"" VARCHAR, ""timestamp"" BIGINT, ""source"" VARCHAR, message VARCHAR, ""data"" MAP(VARCHAR, JSON), code VARCHAR)[] VARCHAR VARCHAR VARCHAR STRUCT(frozen BIGINT, charging BOOLEAN, dashing BIGINT, buried BOOLEAN, snipeKeyHeld BOOLEAN, snipeKeyName VARCHAR, heldKeys JSON[], x DOUBLE, y DOUBLE, state VARCHAR, ""char"" VARCHAR, ""map"" VARCHAR) STRUCT(""level"" VARCHAR, frames BIGINT, spans STRUCT(sim STRUCT(ms DOUBLE, msMax DOUBLE, fillRect BIGINT, drawImage BIGINT, fill BIGINT, stroke BIGINT, px BIGINT), tiles STRUCT(ms DOUBLE, msMax DOUBLE, fillRect BIGINT, drawImage BIGINT, fill BIGINT, stroke BIGINT, px BIGINT), fog STRUCT(ms DOUBLE, msMax DOUBLE, fillRect BIGINT, drawImage BIGINT, fill BIGINT, stroke BIGINT, px BIGINT), bodies STRUCT(ms DOUBLE, msMax DOUBLE, fillRect BIGINT, drawImage BIGINT, fill BIGINT, stroke BIGINT, px BIGINT), vignette STRUCT(ms DOUBLE, msMax DOUBLE, fillRect BIGINT, drawImage BIGINT, fill BIGINT, stroke BIGINT, px BIGINT), hud STRUCT(ms DOUBLE, msMax DOUBLE, fillRect BIGINT, drawImage BIGINT, fill BIGINT, stroke BIGINT, px BIGINT))) BIGINT DATE VARCHAR VARCHAR INTEGER BOOLEAN BOOLEAN",no,,,,no,"06c7a45a-a550-468f-836b-729691f60b54, hello, 1789630398484, https://mrbisonte.github.io/crow-archer/?rec=1, Firefox, 1, 1789630399077, , , , , , , , , , , , 2026-09-17, 2026-09-17T07-32-55-912Z, 06c7a45a-a550-468f-836b-729691f60b54, 1, false, true",ok
2 typed,pulses,table,10_typed.sql,1515,20,session_id page_load_seq client_id srv kind state mode char map t lastTs live held hp kills crows skels soldiers arrows boss,VARCHAR INTEGER VARCHAR BIGINT VARCHAR VARCHAR VARCHAR VARCHAR VARCHAR DOUBLE BIGINT BOOLEAN BIGINT BIGINT BIGINT BIGINT BIGINT BIGINT BIGINT VARCHAR,no,,,,no,"2026-08-30T14-58-28-391Z, 1, 2026-08-30T14-58-28-391Z#1, 1788101912791, beat, menu, brawl, archer, forest, 0.0, 1366, true, 0, 9, 0, 0, 0, 0, 0, ",ok
2 typed,quarantine,table,10_typed.sql,1,7,relation session_id page_load_seq srv kind reason detail,VARCHAR VARCHAR INTEGER BIGINT VARCHAR VARCHAR VARCHAR,yes,1,1383,1,no,"landed, 2026-08-30T15-39-43-490Z, 1, 1788104384032, bye, orphan_record_no_hello, record precedes the first hello in its session file",ok
2 typed,raw,view,10_typed.sql,1546,20,cid kind wall href ua dpr srv perf raf vis pulse events msg stack class blockers trace dropped session_date session_id,"VARCHAR VARCHAR BIGINT VARCHAR VARCHAR BIGINT BIGINT BIGINT BIGINT VARCHAR STRUCT(state VARCHAR, ""mode"" VARCHAR, ""map"" VARCHAR, ""char"" VARCHAR, t DOUBLE, lastTs BIGINT, live BOOLEAN, held BIGINT, hp BIGINT, kills BIGINT, crows BIGINT, skels BIGINT, soldiers BIGINT, arrows BIGINT, boss VARCHAR) STRUCT(id BIGINT, ""level"" VARCHAR, ""timestamp"" BIGINT, ""source"" VARCHAR, message VARCHAR, ""data"" MAP(VARCHAR, JSON), code VARCHAR)[] VARCHAR VARCHAR VARCHAR STRUCT(frozen BIGINT, charging BOOLEAN, dashing BIGINT, buried BOOLEAN, snipeKeyHeld BOOLEAN, snipeKeyName VARCHAR, heldKeys JSON[], x DOUBLE, y DOUBLE, state VARCHAR, ""char"" VARCHAR, ""map"" VARCHAR) STRUCT(""level"" VARCHAR, frames BIGINT, spans STRUCT(sim STRUCT(ms DOUBLE, msMax DOUBLE, fillRect BIGINT, drawImage BIGINT, fill BIGINT, stroke BIGINT, px BIGINT), tiles STRUCT(ms DOUBLE, msMax DOUBLE, fillRect BIGINT, drawImage BIGINT, fill BIGINT, stroke BIGINT, px BIGINT), fog STRUCT(ms DOUBLE, msMax DOUBLE, fillRect BIGINT, drawImage BIGINT, fill BIGINT, stroke BIGINT, px BIGINT), bodies STRUCT(ms DOUBLE, msMax DOUBLE, fillRect BIGINT, drawImage BIGINT, fill BIGINT, stroke BIGINT, px BIGINT), vignette STRUCT(ms DOUBLE, msMax DOUBLE, fillRect BIGINT, drawImage BIGINT, fill BIGINT, stroke BIGINT, px BIGINT), hud STRUCT(ms DOUBLE, msMax DOUBLE, fillRect BIGINT, drawImage BIGINT, fill BIGINT, stroke BIGINT, px BIGINT))) BIGINT DATE VARCHAR",no,,,,no,"06c7a45a-a550-468f-836b-729691f60b54, hello, 1789630398484, https://mrbisonte.github.io/crow-archer/?rec=1, Firefox, 1, 1789630399077, , , , , , , , , , , , 2026-09-17, 2026-09-17T07-32-55-912Z",ok
2 typed,ref_boss_versions,view,10_typed.sql,4,4,boss note valid_from valid_to,VARCHAR VARCHAR TIMESTAMP WITH TIME ZONE TIMESTAMP WITH TIME ZONE,no,,,,no,"crowking, first boss, 2026-08-17 23:07:20+02, ",ok
2 typed,ref_bosses,view,10_typed.sql,4,2,boss note,VARCHAR VARCHAR,no,,,,no,"crowking, first boss",ok
2 typed,ref_char_versions,view,10_typed.sql,5,4,char note valid_from valid_to,VARCHAR VARCHAR TIMESTAMP WITH TIME ZONE TIMESTAMP WITH TIME ZONE,no,,,,no,"archer, starting character, 2026-07-20 00:24:09+02, ",ok
2 typed,ref_chars,view,10_typed.sql,5,2,char note,VARCHAR VARCHAR,no,,,,no,"archer, starting character",ok
2 typed,ref_modes,view,10_typed.sql,3,2,mode note,VARCHAR VARCHAR,no,,,,no,"brawl, open arena",ok
2 typed,ref_origins,view,10_typed.sql,5,4,origin kind may_publish note,VARCHAR VARCHAR BOOLEAN VARCHAR,no,,,,no,"http://127.0.0.1:8082, local, false, the built server run locally. The port names one machine's setup",ok
2 typed,ref_state_versions,view,10_typed.sql,15,6,state is_run_state in_run note valid_from valid_to,VARCHAR BOOLEAN BOOLEAN VARCHAR TIMESTAMP WITH TIME ZONE TIMESTAMP WITH TIME ZONE,no,,,,no,"boss_entrance, false, true, boss cutscene, 2026-07-20 00:24:09+02, ",ok
2 typed,ref_states,view,10_typed.sql,15,4,state is_run_state in_run note,VARCHAR BOOLEAN BOOLEAN VARCHAR,no,,,,no,"boss_entrance, false, true, boss cutscene",ok
2 typed,sessions,table,10_typed.sql,17,20,session_id session_date page_load_seq client_id has_native_client_id hello_srv hello_wall href origin ua dpr origin_kind origin_may_publish bye_srv last_srv beats alarms errors ended_cleanly duration_s,VARCHAR DATE INTEGER VARCHAR BOOLEAN BIGINT BIGINT VARCHAR VARCHAR VARCHAR BIGINT VARCHAR BOOLEAN BIGINT BIGINT BIGINT BIGINT BIGINT BOOLEAN DOUBLE,yes,17,4263,,no,"2026-08-30T14-58-28-391Z, 2026-08-30, 1, 2026-08-30T14-58-28-391Z#1, false, 1788101911788, 1788101911786, http://localhost/, http://localhost, Chrome, 1, local, true, 1788102120912, 1788102120912, 209, 1, 1, true, 209.124",ok
2 typed,spans,table,10_typed.sql,5712,10,session_id page_load_seq client_id srv origin event_id span ms ms_max frames,VARCHAR INTEGER VARCHAR BIGINT VARCHAR BIGINT VARCHAR DOUBLE DOUBLE BIGINT,yes,5712,19447,,no,"2026-08-30T14-58-28-391Z, 1, 2026-08-30T14-58-28-391Z#1, 1788102043293, alarm_trace, , sim, 0.00672268942624581, 0.10000002384185791, 119",ok
3 curated,alarms_by_class,view,20_curated.sql,3,5,class n page_loads held_keys_seen states_when_raised,VARCHAR BIGINT BIGINT BIGINT VARCHAR[],yes,3,936,3,no,"logic-freeze, 1, 1, 0, [playing]",ok
3 curated,clock_skew,view,20_curated.sql,2,6,origin_kind records skew_min_ms skew_mean_ms skew_max_ms skew_stddev_ms,VARCHAR BIGINT BIGINT DOUBLE BIGINT DOUBLE,yes,2,997,2,no,"local, 1259, 0, 0.92, 9, 0.591",ok
3 curated,dimension_coverage,view,20_curated.sql,4,4,dimension documented exercised never_seen,VARCHAR BIGINT BIGINT VARCHAR[],yes,4,804,4,no,"boss, 4, 4, ",ok
3 curated,error_report,view,20_curated.sql,2,6,session_id page_load_seq arrived msg top_frame top_location,VARCHAR INTEGER TIMESTAMP WITH TIME ZONE VARCHAR VARCHAR VARCHAR,yes,2,1420,2,no,"2026-08-30T14-58-28-391Z, 1, 2026-08-30 16:58:58.203+02, Uncaught Error: flight-recorder self-test, , ",ok
3 curated,frame_time_by_span,view,20_curated.sql,6,6,span samples p50_ms p95_ms max_mean_ms worst_single_frame_ms,VARCHAR BIGINT DOUBLE DOUBLE DOUBLE DOUBLE,yes,6,1198,6,no,"bodies, 948, 0.12, 0.25, 0.5, 5.9",ok
3 curated,gap_explained,view,20_curated.sql,3,5,explanation gaps shortest_s longest_s total_s,VARCHAR BIGINT DOUBLE DOUBLE DOUBLE,yes,3,1082,3,no,"VISIBLE THROUGHOUT, not explained by throttling, 1, 472.2, 472.2, 472.2",ok
3 curated,incident_timeline,view,20_curated.sql,6,6,session_id page_load_seq occurred_at event detail s_since_previous,VARCHAR INTEGER TIMESTAMP WITH TIME ZONE VARCHAR VARCHAR DOUBLE,yes,6,1345,6,no,"2026-08-30T14-58-28-391Z, 1, 2026-08-30 16:58:58.203+02, error, Uncaught Error: flight-recorder self-test, ",ok
3 curated,loss_accounting,view,20_curated.sql,1,6,events_received ids_expected events_lost_by_id_gap peak_events_in_one_beat cap_events_per_beat peak_pct_of_cap,HUGEINT HUGEINT HUGEINT BIGINT BIGINT DOUBLE,yes,1,904,1,no,"3152, 3152, 0, 32, 400, 8.0",ok
3 curated,session_context,view,20_curated.sql,17,11,client_id duration_s outcome final_state kills hp_first hp_last alarms errors alarm_classes error_messages,VARCHAR DOUBLE VARCHAR VARCHAR BIGINT BIGINT BIGINT BIGINT BIGINT VARCHAR[] VARCHAR[],yes,17,3217,17,no,"06c7a45a-a550-468f-836b-729691f60b54, 286.6, abnormal end, no bye, menu, 99, 9, 0, 0, 0, , ",ok
3 curated,session_summary,view,20_curated.sql,17,19,session_id page_load_seq client_id has_native_client_id ua origin origin_kind origin_may_publish duration_s beats alarms errors kills hp_first hp_min hp_last final_state states_visited outcome,VARCHAR INTEGER VARCHAR BOOLEAN VARCHAR VARCHAR VARCHAR BOOLEAN DOUBLE BIGINT BIGINT BIGINT BIGINT BIGINT BIGINT BIGINT VARCHAR BIGINT VARCHAR,yes,17,4388,17,no,"2026-08-30T14-58-28-391Z, 1, 2026-08-30T14-58-28-391Z#1, false, Chrome, http://localhost, local, true, 209.1, 209, 1, 1, 0, 9, 9, 9, playing, 2, clean bye, with incidents",ok
3 curated,srv_gaps,view,20_curated.sql,25,7,session_id page_load_seq prev_srv srv gap_s prev_vis vis,VARCHAR INTEGER BIGINT BIGINT DOUBLE VARCHAR VARCHAR,yes,25,1935,25,no,"2026-08-30T15-04-51-872Z, 2, 1788102305262, 1788102777416, 472.154, visible, ",ok
3 curated,warehouse_manifest,view,20_curated.sql,1,9,records sessions first_srv last_srv alarms errors gaps frame_spans frame_samples,BIGINT BIGINT BIGINT BIGINT INTEGER INTEGER INTEGER INTEGER INTEGER,yes,1,1238,,no,"1545, 17, 1788101911788, 1789630685673, 4, 2, 25, 6, 5688",ok
4 gold,app_state_history,view,22_gold.sql,15,9,state_key version_seq is_run_state in_run description valid_from valid_to is_current status,VARCHAR INTEGER BOOLEAN BOOLEAN VARCHAR TIMESTAMP WITH TIME ZONE TIMESTAMP WITH TIME ZONE BOOLEAN VARCHAR,yes,15,1727,,no,"boss_entrance, 1, false, true, boss cutscene, 2026-07-20 00:24:09+02, , true, in force",ok
4 gold,boss_encounters_by_kind,view,22_gold.sql,4,8,boss_key description encounters progressed died won unresolved sim_active_s,VARCHAR VARCHAR BIGINT BIGINT BIGINT BIGINT BIGINT DOUBLE,yes,4,1355,,no,"crowking, first boss, 6, 2, 3, 0, 1, 504.7",ok
4 gold,character_combat,view,22_gold.sql,3,12,character_key runs sim_s shots misses kills kills_per_shot kills_per_min hits_taken hits_taken_per_min pickups boss_hits,VARCHAR INTEGER DOUBLE INTEGER INTEGER INTEGER DOUBLE DOUBLE INTEGER DOUBLE INTEGER INTEGER,yes,3,1762,,no,"archer, 3, 337.6, 259, 62, 149, 0.58, 26.5, 17, 3.02, 27, 4",ok
4 gold,character_usage,view,22_gold.sql,5,6,character_key description runs sim_active_s best_kills avg_kills,VARCHAR VARCHAR BIGINT DOUBLE BIGINT DOUBLE,yes,5,1094,,no,"archer, starting character, 3, 337.6, 99, 49.7",ok
4 gold,contract_cap_history,view,22_gold.sql,5,6,cap_key cap_value valid_from valid_to is_current status,VARCHAR BIGINT TIMESTAMP WITH TIME ZONE TIMESTAMP WITH TIME ZONE BOOLEAN VARCHAR,yes,5,1145,,no,"events_per_beat, 400, 2026-08-31 07:47:22+02, , true, in force",ok
4 gold,dim_app_state,table,22_gold.sql,15,8,state_key is_run_state in_run description version_seq valid_from valid_to is_current,VARCHAR BOOLEAN BOOLEAN VARCHAR INTEGER TIMESTAMP WITH TIME ZONE TIMESTAMP WITH TIME ZONE BOOLEAN,no,,,,no,"boss_entrance, false, true, boss cutscene, 1, 2026-07-20 00:24:09+02, , true",ok
4 gold,dim_boss,table,22_gold.sql,4,2,boss_key description,VARCHAR VARCHAR,no,,,,no,"crowking, first boss",ok
4 gold,dim_character,table,22_gold.sql,5,2,character_key description,VARCHAR VARCHAR,no,,,,no,"archer, starting character",ok
4 gold,dim_contract_cap,table,22_gold.sql,5,6,cap_key cap_value version_seq valid_from valid_to is_current,VARCHAR BIGINT INTEGER TIMESTAMP WITH TIME ZONE TIMESTAMP WITH TIME ZONE BOOLEAN,no,,,,no,"events_per_beat, 400, 1, 2026-08-31 07:47:22+02, , true",ok
4 gold,dim_member,table,22_gold.sql,9,7,dimension member_key description version_seq valid_from valid_to is_current,VARCHAR VARCHAR VARCHAR INTEGER TIMESTAMP WITH TIME ZONE TIMESTAMP WITH TIME ZONE BOOLEAN,no,,,,no,"boss, dark_knight, castle boss, 1, 2026-08-17 23:07:20+02, , true",ok
4 gold,dim_mode,table,22_gold.sql,3,2,mode_key description,VARCHAR VARCHAR,no,,,,no,"brawl, open arena",ok
4 gold,fact_boss_encounter,table,22_gold.sql,9,14,encounter_id run_id session_id page_load_seq boss_key character_key started_srv ended_srv duration_s sim_active_s kills_during hp_min next_state outcome,VARCHAR VARCHAR VARCHAR INTEGER VARCHAR VARCHAR BIGINT BIGINT DOUBLE DOUBLE BIGINT BIGINT VARCHAR VARCHAR,yes,9,2984,,no,"2026-08-30T15-04-51-872Z#2/1/b1, 2026-08-30T15-04-51-872Z#2/1, 2026-08-30T15-04-51-872Z, 2, crowking, ranger, 1788102821420, 1788103122371, 301.0, 300.0, 32, 3, no further state, unresolved",ok
4 gold,fact_run,table,22_gold.sql,8,23,run_id session_id page_load_seq run_seq client_id character_key mode_key maps_visited first_map last_map started_srv ended_srv duration_s sim_active_s kills kill_events hp_first hp_min hp_last states_visited bosses_faced ended_on outcome,VARCHAR VARCHAR INTEGER INTEGER VARCHAR VARCHAR VARCHAR BIGINT VARCHAR VARCHAR BIGINT BIGINT DOUBLE DOUBLE BIGINT INTEGER BIGINT BIGINT BIGINT BIGINT BIGINT VARCHAR VARCHAR,yes,8,4506,,no,"2026-08-30T14-58-28-391Z#1/1, 2026-08-30T14-58-28-391Z, 1, 1, 2026-08-30T14-58-28-391Z#1, archer, brawl, 1, forest, forest, 1788101933789, 1788102120795, 187.0, 187.0, 0, 0, 9, 9, 9, 1, 0, no further state, unresolved, page load ended first",ok
4 gold,game_summary,view,22_gold.sql,1,11,runs characters_played maps_played total_wall_s total_sim_s avg_run_wall_s avg_run_sim_s max_run_wall_s min_kills max_kills avg_kills,BIGINT BIGINT BIGINT DOUBLE DOUBLE DOUBLE DOUBLE DOUBLE BIGINT BIGINT DOUBLE,yes,1,1672,,no,"8, 3, 3, 1197.4, 1082.1, 149.7, 135.3, 337.0, 0, 99, 52.9",ok
4 gold,kill_bursts,view,22_gold.sql,222,6,run_id character_key group_id kills span_ms started_ts,VARCHAR VARCHAR INTEGER INTEGER BIGINT BIGINT,yes,222,2839,,no,"2026-08-30T15-04-51-872Z#2/1, ranger, 3, 1, 0, 1788102795741",ok
4 gold,kill_reconciliation,view,22_gold.sql,8,7,run_id character_key maps_visited counter_kills event_kills events_minus_counter agrees,VARCHAR VARCHAR BIGINT BIGINT INTEGER BIGINT BOOLEAN,yes,8,1321,,no,"2026-08-30T14-58-28-391Z#1/1, archer, 1, 0, 0, 0, true",ok
4 gold,kill_streaks,view,22_gold.sql,148,6,run_id character_key group_id kills span_ms started_ts,VARCHAR VARCHAR INTEGER INTEGER BIGINT BIGINT,yes,148,2441,,no,"2026-08-30T15-04-51-872Z#2/1, ranger, 12, 19, 5, 1788102833239",ok
4 gold,ref_members,view,22_gold.sql,9,5,dimension member_key description valid_from valid_to,VARCHAR VARCHAR VARCHAR TIMESTAMP WITH TIME ZONE TIMESTAMP WITH TIME ZONE,no,,,,no,"boss, crowking, first boss, 2026-08-17 23:07:20+02, ",ok
4 gold,reference_governance,view,22_gold.sql,5,8,dimension members members_in_force versions superseded deepest_history first_valid_from last_change,VARCHAR INTEGER INTEGER INTEGER INTEGER INTEGER TIMESTAMP WITH TIME ZONE TIMESTAMP WITH TIME ZONE,yes,5,1515,,no,"app state, 15, 15, 15, 0, 1, 2026-07-20 00:24:09+02, 2026-08-28 22:52:20+02",ok
4 gold,reference_history,view,22_gold.sql,9,8,dimension member_key version_seq description valid_from valid_to is_current status,VARCHAR VARCHAR INTEGER VARCHAR TIMESTAMP WITH TIME ZONE TIMESTAMP WITH TIME ZONE BOOLEAN VARCHAR,yes,9,1531,,no,"boss, crowking, 1, first boss, 2026-08-17 23:07:20+02, , true, in force",ok
4 gold,run_events,view,22_gold.sql,2998,4,run_id character_key message ts,VARCHAR VARCHAR VARCHAR BIGINT,no,,,,no,"2026-08-30T14-58-28-391Z#1/1, archer, menu -> playing, 1788101933171",ok
4 gold,run_funnel,view,22_gold.sql,6,3,step step_seq runs,VARCHAR INTEGER INTEGER,yes,6,590,,no,"entered a second stage, 5, 2",ok
4 gold,run_kill_events,view,22_gold.sql,466,4,run_id character_key message ts,VARCHAR VARCHAR VARCHAR BIGINT,yes,466,1878,,no,"2026-08-30T15-04-51-872Z#2/1, ranger, CROW_KILLED, 1788102793353",ok
4 gold,run_outcomes,view,22_gold.sql,3,5,outcome runs avg_wall_s avg_sim_s best_kills,VARCHAR BIGINT DOUBLE DOUBLE BIGINT,yes,3,918,,no,"died, 5, 132.7, 110.4, 99",ok
4 gold,run_pulse,table,22_gold.sql,1002,16,run_id session_id page_load_seq run_seq client_id srv state character_key mode_key map boss_key kills hp in_run is_run_state held_s,VARCHAR VARCHAR INTEGER INTEGER VARCHAR BIGINT VARCHAR VARCHAR VARCHAR VARCHAR VARCHAR BIGINT BIGINT BOOLEAN BOOLEAN DOUBLE,yes,1002,8289,,no,"2026-08-30T14-58-28-391Z#1/1, 2026-08-30T14-58-28-391Z, 1, 1, 2026-08-30T14-58-28-391Z#1, 1788101933789, playing, archer, brawl, forest, , 0, 9, true, true, 1.014",ok
4 gold,run_scorecard,view,22_gold.sql,8,16,rank_by_kills run_id character_key first_map maps_visited outcome kills kill_events duration_s sim_active_s kills_per_min t_first_kill_s t_50_kills_s t_boss_s max_kills_one_beat hp_lost,INTEGER VARCHAR VARCHAR VARCHAR BIGINT VARCHAR BIGINT INTEGER DOUBLE DOUBLE DOUBLE DOUBLE DOUBLE DOUBLE BIGINT BIGINT,yes,8,3011,,no,"1, 2026-08-30T15-39-43-490Z#4/2, ranger, forest, 1, died, 99, 99, 84.0, 82.0, 72.4, 6.0, 52.0, 30.0, 10, 7",ok
